lineNumber,comment,date,tag,url
0,Third Raptor (SN49) delivered to vehicle,'2020-12-23','Starship SN9',https://forum.nasaspaceflight.com/index.php?topic=52514.msg2172096#msg2172096
1,Moved to launch site,'2020-12-22','Starship SN9',https://twitter.com/RGVaerialphotos/status/1341526260422479872
2,Forward flap replaced,'2020-12-20','Starship SN9',https://forum.nasaspaceflight.com/index.php?topic=52398.msg2170845#msg2170845
3,Damaged forward flap removed,'2020-12-19','Starship SN9',https://forum.nasaspaceflight.com/index.php?topic=52398.msg2170551#msg2170551
4,Removed from High Bay,'2020-12-14','Starship SN9',https://forum.nasaspaceflight.com/index.php?topic=52398.msg2168014#msg2168014
5,returned w/ stand removed,'2020-12-14','Starship SN9',https://forum.nasaspaceflight.com/index.php?topic=52398.msg2168058#msg2168058
6,Early AM uprighting,'2020-12-13','Starship SN9',https://youtu.be/dwMZDaG6ZSs
7,forward flap damage,'2020-12-13','Starship SN9',https://forum.nasaspaceflight.com/index.php?topic=52398.msg2167324#msg2167324
8,Starship fallen against High Bay wall,'2020-12-11','Starship SN9',https://youtu.be/s4ag8sEjuOQ
9,aft flap damage,'2020-12-11','Starship SN9',https://forum.nasaspaceflight.com/index.php?topic=52398.msg2166371#msg2166371
10,Two Raptors already installed,'2020-12-10','Starship SN9',https://www.flickr.com/photos/jurvetson/50711597728/
11,New wide stance SPMT rig possibly for SN9 transport,'2020-12-01','Starship SN9',https://forum.nasaspaceflight.com/index.php?topic=52398.msg2160815#msg2160815
12,Nose cone mated to tank section,'2020-11-25','Starship SN9',https://forum.nasaspaceflight.com/index.php?topic=51332.msg2158627#msg2158627
13,Raptor SN44 delivered,'2020-11-22','Starship SN9',https://forum.nasaspaceflight.com/index.php?topic=51332.msg2157426#msg2157426
14,Nose cone stacked on its barrel,'2020-11-21','Starship SN9',https://forum.nasaspaceflight.com/index.php?topic=51332.msg2156803#msg2156803
15,Nose cone with both forward fins installed,'2020-11-20','Starship SN9',https://forum.nasaspaceflight.com/index.php?topic=51332.msg2156578#msg2156578
16,Forward fin attached to nose cone,'2020-11-19','Starship SN9',https://forum.nasaspaceflight.com/index.php?topic=51332.msg2156232#msg2156232
17,Tank section moved out of High Bay and stood on landing legs,'2020-11-16','Starship SN9',https://forum.nasaspaceflight.com/index.php?topic=51332.msg2154748#msg2154748
18,thermal tile test area,'2020-11-16','Starship SN9',https://forum.nasaspaceflight.com/index.php?topic=51332.msg2154750#msg2154750
19,Raptor SN46 delivery to build site,'2020-11-15','Starship SN9',https://forum.nasaspaceflight.com/index.php?topic=51332.msg2154322#msg2154322
20,Forward fin roots on nose cone appear complete,'2020-11-14','Starship SN9',https://forum.nasaspaceflight.com/index.php?topic=51332.msg2153726#msg2153726
21,NC moved to windbreak,'2020-11-14','Starship SN9',https://forum.nasaspaceflight.com/index.php?topic=51332.msg2153731#msg2153731
22,Forward fin hardware on nose cone,'2020-11-11','Starship SN9',https://forum.nasaspaceflight.com/index.php?topic=51332.msg2152590#msg2152590
23,Raptor SN42 delivered,'2020-11-08','Starship SN9',https://forum.nasaspaceflight.com/index.php?topic=51332.msg2151412#msg2151412
24,reassigned to SN8,'2020-11-08','Starship SN9',https://forum.nasaspaceflight.com/index.php?topic=51332.msg2154740#msg2154740
25,5 ring nose cone barrel,'2020-11-02','Starship SN9',https://forum.nasaspaceflight.com/index.php?topic=51332.msg2149290#msg2149290
26,Both aft fins installed,'2020-11-01','Starship SN9',https://forum.nasaspaceflight.com/index.php?topic=51332.msg2149182#msg2149182
27,Move to High Bay,'2020-10-31','Starship SN9',https://forum.nasaspaceflight.com/index.php?topic=51332.msg2149014#msg2149014
28,Aft fin delivery,'2020-10-25','Starship SN9',https://forum.nasaspaceflight.com/index.php?topic=51332.msg2146773#msg2146773
29,Aft fin support structures being attached,'2020-10-15','Starship SN9',https://forum.nasaspaceflight.com/index.php?topic=51332.msg2142933#msg2142933
30,Tank section stack complete with thrust section mate,'2020-10-03','Starship SN9',https://forum.nasaspaceflight.com/index.php?topic=51332.msg2138914#msg2138914
31,Thrust section closeup photos,'2020-10-02','Starship SN9',https://forum.nasaspaceflight.com/index.php?topic=51332.msg2138474#msg2138474
32,Forward dome section stacked on common dome section,'2020-09-27','Starship SN9',https://forum.nasaspaceflight.com/index.php?topic=51332.msg2136772#msg2136772
33,SN9 will be first all 304L build,'2020-09-26','Starship SN9',https://twitter.com/elonmusk/status/1309916454616145920
34,Forward dome section closeups,'2020-09-20','Starship SN9',https://forum.nasaspaceflight.com/index.php?topic=51332.msg2134383#msg2134383
35,Skirt with legs and leg dollies,'2020-09-17','Starship SN9',https://forum.nasaspaceflight.com/index.php?topic=51332.msg2133477#msg2133477
36,Common dome section stacked on LOX midsection,'2020-09-15','Starship SN9',https://forum.nasaspaceflight.com/index.php?topic=51332.msg2132634#msg2132634
37,Four ring LOX tank section in Mid Bay,'2020-09-13','Starship SN9',https://forum.nasaspaceflight.com/index.php?topic=51332.msg2131733#msg2131733
38,Aft dome sleeved,'2020-09-04','Starship SN9',https://forum.nasaspaceflight.com/index.php?topic=51332.msg2128615#msg2128615
39,Forward dome sleeved,'2020-08-25','Starship SN9',https://forum.nasaspaceflight.com/index.php?topic=51332.msg2124538#msg2124538
40,Forward dome,'2020-08-20','Starship SN9',https://forum.nasaspaceflight.com/index.php?topic=51332.msg2122440#msg2122440
41,forward dome sleeve w/ tile mounting hardware,'2020-08-20','Starship SN9',https://forum.nasaspaceflight.com/index.php?topic=51332.msg2122440#msg2122440
42,Common dome section flip,'2020-08-19','Starship SN9',https://forum.nasaspaceflight.com/index.php?topic=51332.msg2121945#msg2121945
43,Common dome identified,'2020-08-15','Starship SN9',https://forum.nasaspaceflight.com/index.php?topic=51332.msg2120544#msg2120544
44,sleeving ops,'2020-08-15','Starship SN9',https://forum.nasaspaceflight.com/index.php?topic=51332.msg2120616#msg2120616
45,Common dome,'2020-08-12','Starship SN9',https://forum.nasaspaceflight.com/index.php?topic=51332.msg2119478#msg2119478
46,-Y forward flap installation,'2020-12-26','Starship SN10',https://forum.nasaspaceflight.com/index.php?topic=52398.msg2172679#msg2172679
47,Moved to High Bay,'2020-12-22','Starship SN10',https://forum.nasaspaceflight.com/index.php?topic=52398.msg2171686#msg2171686
48,Nose cone stacked on its 4 ring barrel,'2020-12-19','Starship SN10',https://forum.nasaspaceflight.com/index.php?topic=52398.msg2170550#msg2170550
49,Thermal tile studs on forward flap,'2020-12-18','Starship SN10',https://forum.nasaspaceflight.com/index.php?topic=52398.msg2170181#msg2170181
50,Nose cone barrel,'2020-12-15','Starship SN10',https://forum.nasaspaceflight.com/index.php?topic=52398.msg2168583#msg2168583
51,+Y forward flap installation,'2020-12-15','Starship SN10',https://forum.nasaspaceflight.com/index.php?topic=52398.msg2168608#msg2168608
52,Nose cone with forward flap roots,'2020-12-13','Starship SN10',https://forum.nasaspaceflight.com/index.php?topic=52398.msg2167522#msg2167522
53,Tank section complete with addition of aft done and skirt section,'2020-11-02','Starship SN10',https://forum.nasaspaceflight.com/index.php?topic=51332.msg2149432#msg2149432
54,Leg activity on aft section,'2020-10-29','Starship SN10',https://forum.nasaspaceflight.com/index.php?topic=51332.msg2148388#msg2148388
55,Forward dome section stacked completing methane tank,'2020-10-21','Starship SN10',https://twitter.com/bocachicagal/status/1318988445851832323
56,Common dome section stacked on LOX midsection barrel,'2020-10-16','Starship SN10',https://forum.nasaspaceflight.com/index.php?topic=51332.msg2143185#msg2143185
57,"LOX header tank sphere section """"HT10""""",'2020-10-05','Starship SN10',https://forum.nasaspaceflight.com/index.php?topic=51332.msg2139475#msg2139475
58,Labled skirt,'2020-10-03','Starship SN10',https://forum.nasaspaceflight.com/index.php?topic=51332.msg2138906#msg2138906
59,mate with aft dome section,'2020-10-03','Starship SN10',https://forum.nasaspaceflight.com/index.php?topic=51332.msg2138913#msg2138913
60,Common dome sleeved,'2020-09-16','Starship SN10',https://forum.nasaspaceflight.com/index.php?topic=51332.msg2133225#msg2133225
61,Forward dome sleeved with 4 ring barrel,'2020-09-08','Starship SN10',https://forum.nasaspaceflight.com/index.php?topic=51332.msg2130059#msg2130059
62,Hardware delivery,'2020-09-02','Starship SN10',https://forum.nasaspaceflight.com/index.php?topic=51332.msg2127784#msg2127784
63,possible forward dome barrel,'2020-09-02','Starship SN10',https://forum.nasaspaceflight.com/index.php?topic=51332.msg2127790#msg2127790
64,Nose cone section,'2020-11-28','Starship SN11',https://forum.nasaspaceflight.com/index.php?topic=52398.msg2159538#msg2159538
65,Forward dome section stacked,'2020-11-18','Starship SN11',https://forum.nasaspaceflight.com/index.php?topic=51332.msg2155783#msg2155783
66,Common dome section stacked on LOX tank midsection in Mid Bay,'2020-11-14','Starship SN11',https://forum.nasaspaceflight.com/index.php?topic=51332.msg2153731#msg2153731
67,Common dome with integrated methane header tank and flipped,'2020-11-13','Starship SN11',https://forum.nasaspaceflight.com/index.php?topic=51332.msg2153492#msg2153492
68,LOX tank midsection barrel,'2020-11-04','Starship SN11',https://forum.nasaspaceflight.com/index.php?topic=51332.msg2150069#msg2150069
69,Common dome sleeved,'2020-10-24','Starship SN11',https://forum.nasaspaceflight.com/index.php?topic=51332.msg2146317#msg2146317
70,Aft dome flipped,'2020-10-07','Starship SN11',https://forum.nasaspaceflight.com/index.php?topic=51332.msg2140259#msg2140259
71,Aft dome sleeved,'2020-10-05','Starship SN11',https://forum.nasaspaceflight.com/index.php?topic=51332.msg2139484#msg2139484
72,Methane header sphere,'2020-10-02','Starship SN11',https://forum.nasaspaceflight.com/index.php?topic=51332.msg2138577#msg2138577
73,LOX header sphere section,'2020-09-24','Starship SN11',https://forum.nasaspaceflight.com/index.php?topic=51332.msg2135932#msg2135932
74,Skirt,'2020-09-21','Starship SN11',https://forum.nasaspaceflight.com/index.php?topic=51332.msg2134716#msg2134716
75,Aft dome barrel,'2020-09-09','Starship SN11',https://forum.nasaspaceflight.com/index.php?topic=51332.msg2130438#msg2130438
76,Forward dome sleeved,'2020-12-15','Starship SN12',https://forum.nasaspaceflight.com/index.php?topic=52398.msg2168577#msg2168577
77,Aft dome section and skirt mate,'2020-11-11','Starship SN12',https://forum.nasaspaceflight.com/index.php?topic=51332.msg2152366#msg2152366
78,labeled,'2020-11-11','Starship SN12',https://forum.nasaspaceflight.com/index.php?topic=51332.msg2152591#msg2152591
79,4 ring nosecone barrel,'2020-10-27','Starship SN12',https://forum.nasaspaceflight.com/index.php?topic=51332.msg2147594#msg2147594
80,Skirt,'2020-09-30','Starship SN12',https://forum.nasaspaceflight.com/index.php?topic=51332.msg2141275#msg2141275
81,Skirt,'2020-12-18','Early Production Starships',https://forum.nasaspaceflight.com/index.php?topic=52398.msg2170178#msg2170178
82,Aft dome barrel,'2020-12-17','Early Production Starships',https://forum.nasaspaceflight.com/index.php?topic=52398.msg2169713#msg2169713
83,Nose cone section,'2020-12-15','Early Production Starships',https://forum.nasaspaceflight.com/index.php?topic=52398.msg2168580#msg2168580
84,Common dome section,'2020-12-04','Early Production Starships',https://forum.nasaspaceflight.com/index.php?topic=52398.msg2162387#msg2162387
85,flip,'2020-12-04','Early Production Starships',https://forum.nasaspaceflight.com/index.php?topic=52398.msg2162391#msg2162391
86,Mid LOX tank section,'2020-11-30','Early Production Starships',https://forum.nasaspaceflight.com/index.php?topic=52398.msg2160307#msg2160307
87,Nose cone barrel (4 ring),'2020-11-27','Early Production Starships',https://forum.nasaspaceflight.com/index.php?topic=51332.msg2159331#msg2159331
88,Skirt,'2020-11-27','Early Production Starships',https://forum.nasaspaceflight.com/index.php?topic=51332.msg2159329#msg2159329
89,Common dome flip,'2020-11-26','Early Production Starships',https://forum.nasaspaceflight.com/index.php?topic=51332.msg2159043#msg2159043
90,Elon: Major upgrades are slated for SN15,'2020-11-24','Early Production Starships',https://twitter.com/elonmusk/status/1331391132367015937
91,Methane header tank,'2020-11-20','Early Production Starships',https://forum.nasaspaceflight.com/index.php?topic=51332.msg2156660#msg2156660
92,"Common dome sleeve, dome",'2020-11-18','Early Production Starships',https://forum.nasaspaceflight.com/index.php?topic=51332.msg2155778#msg2155778
93,sleeving,'2020-11-18','Early Production Starships',https://forum.nasaspaceflight.com/index.php?topic=51332.msg2155903#msg2155903
94,Downcomer,'2020-10-10','Early Production Starships',https://forum.nasaspaceflight.com/index.php?topic=51332.msg2137759#msg2137759
95,Forward Pipe Dome sleeved,'2020-12-18','SuperHeavy SN1',https://forum.nasaspaceflight.com/index.php?topic=52398.msg2170174#msg2170174
96,"""""Bottom Barrel Booster Dev""""",'2020-12-18','SuperHeavy SN1',https://forum.nasaspaceflight.com/index.php?topic=52398.msg2170184#msg2170184
97,Forward Pipe Dome,'2020-12-17','SuperHeavy SN1',https://forum.nasaspaceflight.com/index.php?topic=52398.msg2169711#msg2169711
98,common dome sleeved,'2020-12-17','SuperHeavy SN1',https://forum.nasaspaceflight.com/index.php?topic=52398.msg2169716#msg2169716
99,Stacking in High Bay confirmed,'2020-12-14','SuperHeavy SN1',https://twitter.com/RGVaerialphotos/status/1338513119862263818
100,"Aft Quad #2 (4 ring), Fwd Tank section (4 ring), and Fwd section (2 ring)",'2020-11-14','SuperHeavy SN1',https://forum.nasaspaceflight.com/index.php?topic=51332.msg2153727#msg2153727
101,AQ2 label^(11-27),'2020-11-14','SuperHeavy SN1',https://forum.nasaspaceflight.com/index.php?topic=51332.msg2159328#msg2159328
102,LOX 1 apparently stacked,'2020-11-08','SuperHeavy SN1',https://forum.nasaspaceflight.com/index.php?topic=51332.msg2151424#msg2151424
103,LOX 2 in High Bay,'2020-11-08','SuperHeavy SN1',https://forum.nasaspaceflight.com/index.php?topic=51332.msg2151418#msg2151418
104,LOX 3,'2020-11-07','SuperHeavy SN1',https://forum.nasaspaceflight.com/index.php?topic=51332.msg2151162#msg2151162
105,LOX stack-2,'2020-10-07','SuperHeavy SN1',https://forum.nasaspaceflight.com/index.php?topic=51332.msg2140240#msg2140240
106,Forward dome sleeved,'2020-10-01','SuperHeavy SN1',https://forum.nasaspaceflight.com/index.php?topic=51332.msg2138147#msg2138147
107,Fuel stack assembly,'2020-10-01','SuperHeavy SN1',https://forum.nasaspaceflight.com/index.php?topic=51332.msg2138154#msg2138154
108,LOX stack 1,'2020-10-01','SuperHeavy SN1',https://forum.nasaspaceflight.com/index.php?topic=51332.msg2138259#msg2138259
109,Forward dome,'2020-09-30','SuperHeavy SN1',https://forum.nasaspaceflight.com/index.php?topic=51332.msg2137759#msg2137759
110,LOX stack-4,'2020-09-28','SuperHeavy SN1',https://forum.nasaspaceflight.com/index.php?topic=51332.msg2137027#msg2137027
111,Common dome barrel,'2020-09-22','SuperHeavy SN1',https://forum.nasaspaceflight.com/index.php?topic=51332.msg2135123#msg2135123
112,Downcomer going into a forward dome section likely for SN12 or later,'2020-12-12','Starship Components - Unclear Assignment/Retired',https://forum.nasaspaceflight.com/index.php?topic=52398.msg2167110#msg2167110
113,Barrel/dome section with thermal tile attachment hardware,'2020-12-12','Starship Components - Unclear Assignment/Retired',https://twitter.com/FutureJurvetson/status/1337960795615850497
114,Flap delivery,'2020-12-11','Starship Components - Unclear Assignment/Retired',https://twitter.com/RGVaerialphotos/status/1337483086519558152
